image_path,x_location
/home/seongdonghyun/iscc_2024/data/image_1723726425617.png,284
/home/seongdonghyun/iscc_2024/data/image_1723726425679.png,283
/home/seongdonghyun/iscc_2024/data/image_1723726425743.png,282
/home/seongdonghyun/iscc_2024/data/image_1723726425805.png,283
/home/seongdonghyun/iscc_2024/data/image_1723726425873.png,283
/home/seongdonghyun/iscc_2024/data/image_1723726425935.png,283
/home/seongdonghyun/iscc_2024/data/image_1723726426001.png,283
/home/seongdonghyun/iscc_2024/data/image_1723726426059.png,282
/home/seongdonghyun/iscc_2024/data/image_1723726426122.png,282
/home/seongdonghyun/iscc_2024/data/image_1723726426192.png,283
/home/seongdonghyun/iscc_2024/data/image_1723726426267.png,285
/home/seongdonghyun/iscc_2024/data/image_1723726426332.png,285
/home/seongdonghyun/iscc_2024/data/image_1723726426402.png,285
/home/seongdonghyun/iscc_2024/data/image_1723726426473.png,282
/home/seongdonghyun/iscc_2024/data/image_1723726426534.png,284
/home/seongdonghyun/iscc_2024/data/image_1723726426605.png,282
/home/seongdonghyun/iscc_2024/data/image_1723726426669.png,283
/home/seongdonghyun/iscc_2024/data/image_1723726426736.png,282
/home/seongdonghyun/iscc_2024/data/image_1723726426806.png,282
/home/seongdonghyun/iscc_2024/data/image_1723726426869.png,281
/home/seongdonghyun/iscc_2024/data/image_1723726426934.png,285
/home/seongdonghyun/iscc_2024/data/image_1723726427004.png,283
/home/seongdonghyun/iscc_2024/data/image_1723726427067.png,283
/home/seongdonghyun/iscc_2024/data/image_1723726427138.png,284
/home/seongdonghyun/iscc_2024/data/image_1723726427202.png,282
/home/seongdonghyun/iscc_2024/data/image_1723726427272.png,283
/home/seongdonghyun/iscc_2024/data/image_1723726427333.png,282
/home/seongdonghyun/iscc_2024/data/image_1723726427398.png,285
/home/seongdonghyun/iscc_2024/data/image_1723726427456.png,285
/home/seongdonghyun/iscc_2024/data/image_1723726427525.png,285
/home/seongdonghyun/iscc_2024/data/image_1723726427597.png,284
/home/seongdonghyun/iscc_2024/data/image_1723726427668.png,281
/home/seongdonghyun/iscc_2024/data/image_1723726427738.png,284
/home/seongdonghyun/iscc_2024/data/image_1723726427818.png,285
/home/seongdonghyun/iscc_2024/data/image_1723726427881.png,285
/home/seongdonghyun/iscc_2024/data/image_1723726427945.png,285
/home/seongdonghyun/iscc_2024/data/image_1723726428009.png,283
/home/seongdonghyun/iscc_2024/data/image_1723726428080.png,285
/home/seongdonghyun/iscc_2024/data/image_1723726428136.png,285
/home/seongdonghyun/iscc_2024/data/image_1723726428203.png,285
/home/seongdonghyun/iscc_2024/data/image_1723726428266.png,284
/home/seongdonghyun/iscc_2024/data/image_1723726428330.png,286
/home/seongdonghyun/iscc_2024/data/image_1723726428398.png,284
/home/seongdonghyun/iscc_2024/data/image_1723726428461.png,284
/home/seongdonghyun/iscc_2024/data/image_1723726428519.png,286
/home/seongdonghyun/iscc_2024/data/image_1723726428591.png,283
/home/seongdonghyun/iscc_2024/data/image_1723726428664.png,283
/home/seongdonghyun/iscc_2024/data/image_1723726428738.png,283
/home/seongdonghyun/iscc_2024/data/image_1723726428803.png,283
/home/seongdonghyun/iscc_2024/data/image_1723726428871.png,285
/home/seongdonghyun/iscc_2024/data/image_1723726428939.png,283
/home/seongdonghyun/iscc_2024/data/image_1723726429005.png,285
/home/seongdonghyun/iscc_2024/data/image_1723726429079.png,286
/home/seongdonghyun/iscc_2024/data/image_1723726429157.png,286
/home/seongdonghyun/iscc_2024/data/image_1723726429232.png,285
/home/seongdonghyun/iscc_2024/data/image_1723726429302.png,285
/home/seongdonghyun/iscc_2024/data/image_1723726429380.png,285
/home/seongdonghyun/iscc_2024/data/image_1723726429442.png,286
/home/seongdonghyun/iscc_2024/data/image_1723726429510.png,285
/home/seongdonghyun/iscc_2024/data/image_1723726429581.png,285
/home/seongdonghyun/iscc_2024/data/image_1723726429645.png,286
/home/seongdonghyun/iscc_2024/data/image_1723726429710.png,286
/home/seongdonghyun/iscc_2024/data/image_1723726429777.png,286
/home/seongdonghyun/iscc_2024/data/image_1723726429845.png,287
/home/seongdonghyun/iscc_2024/data/image_1723726429897.png,286
/home/seongdonghyun/iscc_2024/data/image_1723726429969.png,288
/home/seongdonghyun/iscc_2024/data/image_1723726430036.png,286
/home/seongdonghyun/iscc_2024/data/image_1723726430104.png,287
/home/seongdonghyun/iscc_2024/data/image_1723726430174.png,286
/home/seongdonghyun/iscc_2024/data/image_1723726430243.png,287
/home/seongdonghyun/iscc_2024/data/image_1723726430312.png,288
/home/seongdonghyun/iscc_2024/data/image_1723726430378.png,287
/home/seongdonghyun/iscc_2024/data/image_1723726430440.png,288
/home/seongdonghyun/iscc_2024/data/image_1723726430510.png,288
/home/seongdonghyun/iscc_2024/data/image_1723726430572.png,288
/home/seongdonghyun/iscc_2024/data/image_1723726430637.png,286
/home/seongdonghyun/iscc_2024/data/image_1723726430686.png,286
/home/seongdonghyun/iscc_2024/data/image_1723726430754.png,279
/home/seongdonghyun/iscc_2024/data/image_1723726430821.png,278
/home/seongdonghyun/iscc_2024/data/image_1723726430889.png,284
/home/seongdonghyun/iscc_2024/data/image_1723726430951.png,286
/home/seongdonghyun/iscc_2024/data/image_1723726431020.png,290
/home/seongdonghyun/iscc_2024/data/image_1723726431086.png,298
/home/seongdonghyun/iscc_2024/data/image_1723726431154.png,303
/home/seongdonghyun/iscc_2024/data/image_1723726431221.png,325
/home/seongdonghyun/iscc_2024/data/image_1723726431301.png,344
/home/seongdonghyun/iscc_2024/data/image_1723726431360.png,358
/home/seongdonghyun/iscc_2024/data/image_1723726431420.png,364
/home/seongdonghyun/iscc_2024/data/image_1723726431491.png,368
/home/seongdonghyun/iscc_2024/data/image_1723726431558.png,368
/home/seongdonghyun/iscc_2024/data/image_1723726431632.png,292
/home/seongdonghyun/iscc_2024/data/image_1723726431691.png,367
/home/seongdonghyun/iscc_2024/data/image_1723726431757.png,368
/home/seongdonghyun/iscc_2024/data/image_1723726431818.png,301
/home/seongdonghyun/iscc_2024/data/image_1723726431884.png,301
/home/seongdonghyun/iscc_2024/data/image_1723726431944.png,301
/home/seongdonghyun/iscc_2024/data/image_1723726432000.png,365
/home/seongdonghyun/iscc_2024/data/image_1723726432067.png,365
/home/seongdonghyun/iscc_2024/data/image_1723726432127.png,365
/home/seongdonghyun/iscc_2024/data/image_1723726432192.png,365
/home/seongdonghyun/iscc_2024/data/image_1723726432259.png,365
/home/seongdonghyun/iscc_2024/data/image_1723726432320.png,365
/home/seongdonghyun/iscc_2024/data/image_1723726432391.png,303
/home/seongdonghyun/iscc_2024/data/image_1723726432461.png,302
/home/seongdonghyun/iscc_2024/data/image_1723726432519.png,301
/home/seongdonghyun/iscc_2024/data/image_1723726432582.png,303
/home/seongdonghyun/iscc_2024/data/image_1723726432631.png,307
/home/seongdonghyun/iscc_2024/data/image_1723726432687.png,310
/home/seongdonghyun/iscc_2024/data/image_1723726432754.png,312
/home/seongdonghyun/iscc_2024/data/image_1723726432823.png,313
/home/seongdonghyun/iscc_2024/data/image_1723726432894.png,309
/home/seongdonghyun/iscc_2024/data/image_1723726432954.png,305
/home/seongdonghyun/iscc_2024/data/image_1723726433021.png,306
/home/seongdonghyun/iscc_2024/data/image_1723726433085.png,306
/home/seongdonghyun/iscc_2024/data/image_1723726433143.png,308
/home/seongdonghyun/iscc_2024/data/image_1723726433215.png,311
/home/seongdonghyun/iscc_2024/data/image_1723726433283.png,310
/home/seongdonghyun/iscc_2024/data/image_1723726433354.png,310
/home/seongdonghyun/iscc_2024/data/image_1723726433422.png,311
/home/seongdonghyun/iscc_2024/data/image_1723726433483.png,314
/home/seongdonghyun/iscc_2024/data/image_1723726433553.png,316
/home/seongdonghyun/iscc_2024/data/image_1723726433617.png,316
/home/seongdonghyun/iscc_2024/data/image_1723726433693.png,321
/home/seongdonghyun/iscc_2024/data/image_1723726433764.png,327
/home/seongdonghyun/iscc_2024/data/image_1723726433830.png,327
/home/seongdonghyun/iscc_2024/data/image_1723726433894.png,322
/home/seongdonghyun/iscc_2024/data/image_1723726433951.png,314
/home/seongdonghyun/iscc_2024/data/image_1723726434025.png,316
/home/seongdonghyun/iscc_2024/data/image_1723726434100.png,319
/home/seongdonghyun/iscc_2024/data/image_1723726434160.png,319
/home/seongdonghyun/iscc_2024/data/image_1723726434224.png,325
/home/seongdonghyun/iscc_2024/data/image_1723726434294.png,335
/home/seongdonghyun/iscc_2024/data/image_1723726434356.png,334
/home/seongdonghyun/iscc_2024/data/image_1723726434421.png,326
/home/seongdonghyun/iscc_2024/data/image_1723726434477.png,316
/home/seongdonghyun/iscc_2024/data/image_1723726434540.png,316
/home/seongdonghyun/iscc_2024/data/image_1723726434599.png,316
/home/seongdonghyun/iscc_2024/data/image_1723726434659.png,318
/home/seongdonghyun/iscc_2024/data/image_1723726434719.png,319
/home/seongdonghyun/iscc_2024/data/image_1723726434783.png,327
/home/seongdonghyun/iscc_2024/data/image_1723726434851.png,334
/home/seongdonghyun/iscc_2024/data/image_1723726434921.png,332
/home/seongdonghyun/iscc_2024/data/image_1723726434995.png,325
/home/seongdonghyun/iscc_2024/data/image_1723726435071.png,305
/home/seongdonghyun/iscc_2024/data/image_1723726435135.png,303
/home/seongdonghyun/iscc_2024/data/image_1723726435206.png,363
/home/seongdonghyun/iscc_2024/data/image_1723726435275.png,305
/home/seongdonghyun/iscc_2024/data/image_1723726435340.png,307
/home/seongdonghyun/iscc_2024/data/image_1723726435403.png,308
/home/seongdonghyun/iscc_2024/data/image_1723726435465.png,309
/home/seongdonghyun/iscc_2024/data/image_1723726435520.png,321
/home/seongdonghyun/iscc_2024/data/image_1723726435585.png,323
/home/seongdonghyun/iscc_2024/data/image_1723726435645.png,324
/home/seongdonghyun/iscc_2024/data/image_1723726435715.png,326
/home/seongdonghyun/iscc_2024/data/image_1723726435787.png,326
/home/seongdonghyun/iscc_2024/data/image_1723726435853.png,327
/home/seongdonghyun/iscc_2024/data/image_1723726435922.png,319
/home/seongdonghyun/iscc_2024/data/image_1723726435988.png,309
/home/seongdonghyun/iscc_2024/data/image_1723726436054.png,307
/home/seongdonghyun/iscc_2024/data/image_1723726436131.png,308
/home/seongdonghyun/iscc_2024/data/image_1723726436191.png,309
/home/seongdonghyun/iscc_2024/data/image_1723726436263.png,312
/home/seongdonghyun/iscc_2024/data/image_1723726436328.png,314
/home/seongdonghyun/iscc_2024/data/image_1723726436396.png,315
/home/seongdonghyun/iscc_2024/data/image_1723726436458.png,317
/home/seongdonghyun/iscc_2024/data/image_1723726436522.png,319
/home/seongdonghyun/iscc_2024/data/image_1723726436584.png,319
/home/seongdonghyun/iscc_2024/data/image_1723726436650.png,321
/home/seongdonghyun/iscc_2024/data/image_1723726436716.png,332
/home/seongdonghyun/iscc_2024/data/image_1723726436780.png,338
/home/seongdonghyun/iscc_2024/data/image_1723726436854.png,339
/home/seongdonghyun/iscc_2024/data/image_1723726436924.png,328
/home/seongdonghyun/iscc_2024/data/image_1723726436993.png,323
/home/seongdonghyun/iscc_2024/data/image_1723726437062.png,323
/home/seongdonghyun/iscc_2024/data/image_1723726437131.png,324
/home/seongdonghyun/iscc_2024/data/image_1723726437199.png,327
/home/seongdonghyun/iscc_2024/data/image_1723726437264.png,328
/home/seongdonghyun/iscc_2024/data/image_1723726437327.png,329
/home/seongdonghyun/iscc_2024/data/image_1723726437394.png,330
/home/seongdonghyun/iscc_2024/data/image_1723726437454.png,331
/home/seongdonghyun/iscc_2024/data/image_1723726437523.png,334
/home/seongdonghyun/iscc_2024/data/image_1723726437576.png,332
/home/seongdonghyun/iscc_2024/data/image_1723726437632.png,336
/home/seongdonghyun/iscc_2024/data/image_1723726437693.png,338
/home/seongdonghyun/iscc_2024/data/image_1723726437759.png,350
/home/seongdonghyun/iscc_2024/data/image_1723726437828.png,316
/home/seongdonghyun/iscc_2024/data/image_1723726437903.png,314
/home/seongdonghyun/iscc_2024/data/image_1723726437960.png,312
/home/seongdonghyun/iscc_2024/data/image_1723726438028.png,312
/home/seongdonghyun/iscc_2024/data/image_1723726438091.png,352
/home/seongdonghyun/iscc_2024/data/image_1723726438163.png,324
/home/seongdonghyun/iscc_2024/data/image_1723726438219.png,326
/home/seongdonghyun/iscc_2024/data/image_1723726438303.png,324
/home/seongdonghyun/iscc_2024/data/image_1723726438369.png,326
/home/seongdonghyun/iscc_2024/data/image_1723726438438.png,323
/home/seongdonghyun/iscc_2024/data/image_1723726438499.png,327
/home/seongdonghyun/iscc_2024/data/image_1723726438564.png,326
/home/seongdonghyun/iscc_2024/data/image_1723726438621.png,329
/home/seongdonghyun/iscc_2024/data/image_1723726438686.png,325
/home/seongdonghyun/iscc_2024/data/image_1723726438753.png,323
/home/seongdonghyun/iscc_2024/data/image_1723726438820.png,327
/home/seongdonghyun/iscc_2024/data/image_1723726438889.png,330
/home/seongdonghyun/iscc_2024/data/image_1723726438956.png,331
/home/seongdonghyun/iscc_2024/data/image_1723726439029.png,317
/home/seongdonghyun/iscc_2024/data/image_1723726439100.png,322
/home/seongdonghyun/iscc_2024/data/image_1723726439173.png,322
/home/seongdonghyun/iscc_2024/data/image_1723726439240.png,315
/home/seongdonghyun/iscc_2024/data/image_1723726439305.png,330
/home/seongdonghyun/iscc_2024/data/image_1723726439362.png,332
/home/seongdonghyun/iscc_2024/data/image_1723726439426.png,333
/home/seongdonghyun/iscc_2024/data/image_1723726439494.png,333
/home/seongdonghyun/iscc_2024/data/image_1723726439561.png,334
/home/seongdonghyun/iscc_2024/data/image_1723726439628.png,335
/home/seongdonghyun/iscc_2024/data/image_1723726439697.png,309
/home/seongdonghyun/iscc_2024/data/image_1723726439767.png,313
/home/seongdonghyun/iscc_2024/data/image_1723726439857.png,326
/home/seongdonghyun/iscc_2024/data/image_1723726439929.png,338
/home/seongdonghyun/iscc_2024/data/image_1723726439987.png,335
/home/seongdonghyun/iscc_2024/data/image_1723726440044.png,329
/home/seongdonghyun/iscc_2024/data/image_1723726440119.png,321
/home/seongdonghyun/iscc_2024/data/image_1723726440191.png,317
/home/seongdonghyun/iscc_2024/data/image_1723726440256.png,317
/home/seongdonghyun/iscc_2024/data/image_1723726440326.png,319
/home/seongdonghyun/iscc_2024/data/image_1723726440394.png,324
/home/seongdonghyun/iscc_2024/data/image_1723726440470.png,326
/home/seongdonghyun/iscc_2024/data/image_1723726440534.png,338
/home/seongdonghyun/iscc_2024/data/image_1723726440600.png,340
/home/seongdonghyun/iscc_2024/data/image_1723726440664.png,331
/home/seongdonghyun/iscc_2024/data/image_1723726440723.png,347
/home/seongdonghyun/iscc_2024/data/image_1723726440807.png,316
/home/seongdonghyun/iscc_2024/data/image_1723726440873.png,317
/home/seongdonghyun/iscc_2024/data/image_1723726440934.png,322
/home/seongdonghyun/iscc_2024/data/image_1723726440995.png,322
/home/seongdonghyun/iscc_2024/data/image_1723726441060.png,323
/home/seongdonghyun/iscc_2024/data/image_1723726441117.png,327
/home/seongdonghyun/iscc_2024/data/image_1723726441173.png,333
/home/seongdonghyun/iscc_2024/data/image_1723726441232.png,340
/home/seongdonghyun/iscc_2024/data/image_1723726441293.png,339
/home/seongdonghyun/iscc_2024/data/image_1723726441359.png,339
/home/seongdonghyun/iscc_2024/data/image_1723726441432.png,329
/home/seongdonghyun/iscc_2024/data/image_1723726441496.png,329
/home/seongdonghyun/iscc_2024/data/image_1723726441561.png,312
/home/seongdonghyun/iscc_2024/data/image_1723726441627.png,312
/home/seongdonghyun/iscc_2024/data/image_1723726441689.png,313
/home/seongdonghyun/iscc_2024/data/image_1723726441758.png,313
/home/seongdonghyun/iscc_2024/data/image_1723726441819.png,331
/home/seongdonghyun/iscc_2024/data/image_1723726441880.png,330
/home/seongdonghyun/iscc_2024/data/image_1723726441946.png,332
/home/seongdonghyun/iscc_2024/data/image_1723726442012.png,336
/home/seongdonghyun/iscc_2024/data/image_1723726442074.png,334
/home/seongdonghyun/iscc_2024/data/image_1723726442147.png,326
/home/seongdonghyun/iscc_2024/data/image_1723726442208.png,325
/home/seongdonghyun/iscc_2024/data/image_1723726442268.png,323
/home/seongdonghyun/iscc_2024/data/image_1723726442336.png,314
/home/seongdonghyun/iscc_2024/data/image_1723726442395.png,311
/home/seongdonghyun/iscc_2024/data/image_1723726442455.png,312
/home/seongdonghyun/iscc_2024/data/image_1723726442525.png,314
/home/seongdonghyun/iscc_2024/data/image_1723726442592.png,315
/home/seongdonghyun/iscc_2024/data/image_1723726442661.png,315
/home/seongdonghyun/iscc_2024/data/image_1723726442719.png,316
/home/seongdonghyun/iscc_2024/data/image_1723726442774.png,316
/home/seongdonghyun/iscc_2024/data/image_1723726442849.png,330
/home/seongdonghyun/iscc_2024/data/image_1723726442917.png,323
/home/seongdonghyun/iscc_2024/data/image_1723726442984.png,304
/home/seongdonghyun/iscc_2024/data/image_1723726443056.png,333
/home/seongdonghyun/iscc_2024/data/image_1723726443130.png,335
/home/seongdonghyun/iscc_2024/data/image_1723726443187.png,336
/home/seongdonghyun/iscc_2024/data/image_1723726443245.png,289
/home/seongdonghyun/iscc_2024/data/image_1723726443304.png,333
/home/seongdonghyun/iscc_2024/data/image_1723726443364.png,333
/home/seongdonghyun/iscc_2024/data/image_1723726443417.png,289
/home/seongdonghyun/iscc_2024/data/image_1723726443473.png,325
/home/seongdonghyun/iscc_2024/data/image_1723726443547.png,325
/home/seongdonghyun/iscc_2024/data/image_1723726443602.png,314
/home/seongdonghyun/iscc_2024/data/image_1723726443660.png,315
/home/seongdonghyun/iscc_2024/data/image_1723726443734.png,298
/home/seongdonghyun/iscc_2024/data/image_1723726443796.png,328
/home/seongdonghyun/iscc_2024/data/image_1723726443857.png,326
/home/seongdonghyun/iscc_2024/data/image_1723726443921.png,328
/home/seongdonghyun/iscc_2024/data/image_1723726443981.png,326
/home/seongdonghyun/iscc_2024/data/image_1723726444039.png,326
/home/seongdonghyun/iscc_2024/data/image_1723726444108.png,325
/home/seongdonghyun/iscc_2024/data/image_1723726444181.png,323
/home/seongdonghyun/iscc_2024/data/image_1723726444247.png,323
/home/seongdonghyun/iscc_2024/data/image_1723726444301.png,322
/home/seongdonghyun/iscc_2024/data/image_1723726444375.png,322
/home/seongdonghyun/iscc_2024/data/image_1723726444440.png,311
/home/seongdonghyun/iscc_2024/data/image_1723726444515.png,311
/home/seongdonghyun/iscc_2024/data/image_1723726444569.png,319
/home/seongdonghyun/iscc_2024/data/image_1723726444644.png,321
/home/seongdonghyun/iscc_2024/data/image_1723726444700.png,321
/home/seongdonghyun/iscc_2024/data/image_1723726444766.png,319
/home/seongdonghyun/iscc_2024/data/image_1723726444838.png,319
/home/seongdonghyun/iscc_2024/data/image_1723726444911.png,318
/home/seongdonghyun/iscc_2024/data/image_1723726444973.png,315
/home/seongdonghyun/iscc_2024/data/image_1723726445040.png,309
/home/seongdonghyun/iscc_2024/data/image_1723726445103.png,309
/home/seongdonghyun/iscc_2024/data/image_1723726445166.png,314
/home/seongdonghyun/iscc_2024/data/image_1723726445248.png,317
/home/seongdonghyun/iscc_2024/data/image_1723726445313.png,317
/home/seongdonghyun/iscc_2024/data/image_1723726445376.png,326
/home/seongdonghyun/iscc_2024/data/image_1723726445441.png,333
/home/seongdonghyun/iscc_2024/data/image_1723726445513.png,331
/home/seongdonghyun/iscc_2024/data/image_1723726445579.png,333
/home/seongdonghyun/iscc_2024/data/image_1723726445643.png,331
/home/seongdonghyun/iscc_2024/data/image_1723726445713.png,326
/home/seongdonghyun/iscc_2024/data/image_1723726445781.png,326
/home/seongdonghyun/iscc_2024/data/image_1723726445852.png,315
/home/seongdonghyun/iscc_2024/data/image_1723726445917.png,314
/home/seongdonghyun/iscc_2024/data/image_1723726445981.png,314
/home/seongdonghyun/iscc_2024/data/image_1723726446039.png,307
/home/seongdonghyun/iscc_2024/data/image_1723726446108.png,301
/home/seongdonghyun/iscc_2024/data/image_1723726446170.png,321
/home/seongdonghyun/iscc_2024/data/image_1723726446234.png,300
/home/seongdonghyun/iscc_2024/data/image_1723726446309.png,286
/home/seongdonghyun/iscc_2024/data/image_1723726446376.png,260
/home/seongdonghyun/iscc_2024/data/image_1723726446434.png,260
/home/seongdonghyun/iscc_2024/data/image_1723726446492.png,260
/home/seongdonghyun/iscc_2024/data/image_1723726446547.png,359
/home/seongdonghyun/iscc_2024/data/image_1723726446611.png,359
/home/seongdonghyun/iscc_2024/data/image_1723726446672.png,359
/home/seongdonghyun/iscc_2024/data/image_1723726446737.png,359
/home/seongdonghyun/iscc_2024/data/image_1723726446806.png,359
/home/seongdonghyun/iscc_2024/data/image_1723726446884.png,359
/home/seongdonghyun/iscc_2024/data/image_1723726446947.png,359
/home/seongdonghyun/iscc_2024/data/image_1723726447004.png,359
/home/seongdonghyun/iscc_2024/data/image_1723726447071.png,359
/home/seongdonghyun/iscc_2024/data/image_1723726447139.png,359
/home/seongdonghyun/iscc_2024/data/image_1723726447204.png,287
/home/seongdonghyun/iscc_2024/data/image_1723726447272.png,287
/home/seongdonghyun/iscc_2024/data/image_1723726447338.png,287
/home/seongdonghyun/iscc_2024/data/image_1723726447391.png,287
/home/seongdonghyun/iscc_2024/data/image_1723726447446.png,287
/home/seongdonghyun/iscc_2024/data/image_1723726447511.png,287
/home/seongdonghyun/iscc_2024/data/image_1723726447579.png,287
/home/seongdonghyun/iscc_2024/data/image_1723726447646.png,287
/home/seongdonghyun/iscc_2024/data/image_1723726447701.png,287
/home/seongdonghyun/iscc_2024/data/image_1723726447772.png,287
/home/seongdonghyun/iscc_2024/data/image_1723726447829.png,287
/home/seongdonghyun/iscc_2024/data/image_1723726447889.png,287
/home/seongdonghyun/iscc_2024/data/image_1723726447959.png,287
/home/seongdonghyun/iscc_2024/data/image_1723726448015.png,287
/home/seongdonghyun/iscc_2024/data/image_1723726448072.png,287
/home/seongdonghyun/iscc_2024/data/image_1723726448134.png,287
/home/seongdonghyun/iscc_2024/data/image_1723726448194.png,277
/home/seongdonghyun/iscc_2024/data/image_1723726448251.png,284
/home/seongdonghyun/iscc_2024/data/image_1723726448316.png,365
/home/seongdonghyun/iscc_2024/data/image_1723726448377.png,365
/home/seongdonghyun/iscc_2024/data/image_1723726448439.png,302
/home/seongdonghyun/iscc_2024/data/image_1723726448507.png,302
/home/seongdonghyun/iscc_2024/data/image_1723726448575.png,312
/home/seongdonghyun/iscc_2024/data/image_1723726448640.png,326
/home/seongdonghyun/iscc_2024/data/image_1723726448710.png,326
/home/seongdonghyun/iscc_2024/data/image_1723726448785.png,324
/home/seongdonghyun/iscc_2024/data/image_1723726448840.png,321
/home/seongdonghyun/iscc_2024/data/image_1723726448912.png,312
/home/seongdonghyun/iscc_2024/data/image_1723726448982.png,308
/home/seongdonghyun/iscc_2024/data/image_1723726449047.png,297
/home/seongdonghyun/iscc_2024/data/image_1723726449107.png,286
/home/seongdonghyun/iscc_2024/data/image_1723726449161.png,366
/home/seongdonghyun/iscc_2024/data/image_1723726449228.png,366
/home/seongdonghyun/iscc_2024/data/image_1723726449300.png,365
/home/seongdonghyun/iscc_2024/data/image_1723726449364.png,362
/home/seongdonghyun/iscc_2024/data/image_1723726449424.png,365
/home/seongdonghyun/iscc_2024/data/image_1723726449493.png,365
/home/seongdonghyun/iscc_2024/data/image_1723726449551.png,365
/home/seongdonghyun/iscc_2024/data/image_1723726449613.png,365
/home/seongdonghyun/iscc_2024/data/image_1723726449672.png,363
/home/seongdonghyun/iscc_2024/data/image_1723726449739.png,363
/home/seongdonghyun/iscc_2024/data/image_1723726449811.png,358
/home/seongdonghyun/iscc_2024/data/image_1723726449884.png,358
/home/seongdonghyun/iscc_2024/data/image_1723726449947.png,359
/home/seongdonghyun/iscc_2024/data/image_1723726450011.png,359
/home/seongdonghyun/iscc_2024/data/image_1723726450071.png,359
/home/seongdonghyun/iscc_2024/data/image_1723726450131.png,359
/home/seongdonghyun/iscc_2024/data/image_1723726450207.png,297
/home/seongdonghyun/iscc_2024/data/image_1723726450279.png,302
/home/seongdonghyun/iscc_2024/data/image_1723726450347.png,302
/home/seongdonghyun/iscc_2024/data/image_1723726450421.png,302
/home/seongdonghyun/iscc_2024/data/image_1723726450494.png,306
/home/seongdonghyun/iscc_2024/data/image_1723726450562.png,308
/home/seongdonghyun/iscc_2024/data/image_1723726450632.png,310
/home/seongdonghyun/iscc_2024/data/image_1723726450698.png,319
/home/seongdonghyun/iscc_2024/data/image_1723726450760.png,324
/home/seongdonghyun/iscc_2024/data/image_1723726450826.png,323
/home/seongdonghyun/iscc_2024/data/image_1723726450889.png,327
/home/seongdonghyun/iscc_2024/data/image_1723726450951.png,329
/home/seongdonghyun/iscc_2024/data/image_1723726451011.png,331
/home/seongdonghyun/iscc_2024/data/image_1723726451078.png,340
/home/seongdonghyun/iscc_2024/data/image_1723726451141.png,339
/home/seongdonghyun/iscc_2024/data/image_1723726451210.png,338
/home/seongdonghyun/iscc_2024/data/image_1723726451270.png,344
/home/seongdonghyun/iscc_2024/data/image_1723726451330.png,344
/home/seongdonghyun/iscc_2024/data/image_1723726451386.png,348
/home/seongdonghyun/iscc_2024/data/image_1723726451449.png,349
/home/seongdonghyun/iscc_2024/data/image_1723726451516.png,355
/home/seongdonghyun/iscc_2024/data/image_1723726451581.png,357
/home/seongdonghyun/iscc_2024/data/image_1723726451652.png,360
/home/seongdonghyun/iscc_2024/data/image_1723726451718.png,372
/home/seongdonghyun/iscc_2024/data/image_1723726451787.png,385
/home/seongdonghyun/iscc_2024/data/image_1723726451852.png,390
/home/seongdonghyun/iscc_2024/data/image_1723726451923.png,392
/home/seongdonghyun/iscc_2024/data/image_1723726451979.png,392
/home/seongdonghyun/iscc_2024/data/image_1723726452044.png,391
/home/seongdonghyun/iscc_2024/data/image_1723726452102.png,390
/home/seongdonghyun/iscc_2024/data/image_1723726452158.png,384
/home/seongdonghyun/iscc_2024/data/image_1723726452216.png,384
/home/seongdonghyun/iscc_2024/data/image_1723726452277.png,389
/home/seongdonghyun/iscc_2024/data/image_1723726452346.png,363
/home/seongdonghyun/iscc_2024/data/image_1723726452415.png,363
/home/seongdonghyun/iscc_2024/data/image_1723726452478.png,382
/home/seongdonghyun/iscc_2024/data/image_1723726452543.png,361
/home/seongdonghyun/iscc_2024/data/image_1723726452609.png,350
/home/seongdonghyun/iscc_2024/data/image_1723726452668.png,332
/home/seongdonghyun/iscc_2024/data/image_1723726452729.png,328
/home/seongdonghyun/iscc_2024/data/image_1723726452784.png,323
/home/seongdonghyun/iscc_2024/data/image_1723726452845.png,318
/home/seongdonghyun/iscc_2024/data/image_1723726452908.png,327
/home/seongdonghyun/iscc_2024/data/image_1723726452964.png,330
/home/seongdonghyun/iscc_2024/data/image_1723726453029.png,324
/home/seongdonghyun/iscc_2024/data/image_1723726453102.png,325
/home/seongdonghyun/iscc_2024/data/image_1723726453167.png,313
/home/seongdonghyun/iscc_2024/data/image_1723726453237.png,295
/home/seongdonghyun/iscc_2024/data/image_1723726453310.png,319
/home/seongdonghyun/iscc_2024/data/image_1723726453377.png,314
/home/seongdonghyun/iscc_2024/data/image_1723726453444.png,315
/home/seongdonghyun/iscc_2024/data/image_1723726453512.png,310
/home/seongdonghyun/iscc_2024/data/image_1723726453567.png,306
/home/seongdonghyun/iscc_2024/data/image_1723726453625.png,302
/home/seongdonghyun/iscc_2024/data/image_1723726453692.png,274
/home/seongdonghyun/iscc_2024/data/image_1723726453755.png,270
/home/seongdonghyun/iscc_2024/data/image_1723726453812.png,272
/home/seongdonghyun/iscc_2024/data/image_1723726453875.png,271
/home/seongdonghyun/iscc_2024/data/image_1723726453948.png,278
/home/seongdonghyun/iscc_2024/data/image_1723726454022.png,282
/home/seongdonghyun/iscc_2024/data/image_1723726454084.png,278
/home/seongdonghyun/iscc_2024/data/image_1723726454155.png,275
/home/seongdonghyun/iscc_2024/data/image_1723726454222.png,270
/home/seongdonghyun/iscc_2024/data/image_1723726454288.png,365
/home/seongdonghyun/iscc_2024/data/image_1723726454348.png,365
/home/seongdonghyun/iscc_2024/data/image_1723726454407.png,365
/home/seongdonghyun/iscc_2024/data/image_1723726454467.png,365
/home/seongdonghyun/iscc_2024/data/image_1723726454522.png,365
/home/seongdonghyun/iscc_2024/data/image_1723726454581.png,365
/home/seongdonghyun/iscc_2024/data/image_1723726454645.png,365
/home/seongdonghyun/iscc_2024/data/image_1723726454714.png,307
/home/seongdonghyun/iscc_2024/data/image_1723726454779.png,319
/home/seongdonghyun/iscc_2024/data/image_1723726454838.png,319
/home/seongdonghyun/iscc_2024/data/image_1723726454895.png,319
/home/seongdonghyun/iscc_2024/data/image_1723726454953.png,356
/home/seongdonghyun/iscc_2024/data/image_1723726455013.png,301
/home/seongdonghyun/iscc_2024/data/image_1723726455073.png,301
/home/seongdonghyun/iscc_2024/data/image_1723726455130.png,304
/home/seongdonghyun/iscc_2024/data/image_1723726455190.png,307
/home/seongdonghyun/iscc_2024/data/image_1723726455253.png,308
/home/seongdonghyun/iscc_2024/data/image_1723726455312.png,308
/home/seongdonghyun/iscc_2024/data/image_1723726455377.png,308
/home/seongdonghyun/iscc_2024/data/image_1723726455433.png,308
/home/seongdonghyun/iscc_2024/data/image_1723726455513.png,308
/home/seongdonghyun/iscc_2024/data/image_1723726455577.png,316
/home/seongdonghyun/iscc_2024/data/image_1723726455637.png,318
/home/seongdonghyun/iscc_2024/data/image_1723726455704.png,318
/home/seongdonghyun/iscc_2024/data/image_1723726455765.png,318
/home/seongdonghyun/iscc_2024/data/image_1723726455816.png,318
/home/seongdonghyun/iscc_2024/data/image_1723726455884.png,359
/home/seongdonghyun/iscc_2024/data/image_1723726455947.png,358
/home/seongdonghyun/iscc_2024/data/image_1723726456006.png,358
/home/seongdonghyun/iscc_2024/data/image_1723726456063.png,358
/home/seongdonghyun/iscc_2024/data/image_1723726456128.png,358
/home/seongdonghyun/iscc_2024/data/image_1723726456191.png,358
/home/seongdonghyun/iscc_2024/data/image_1723726456255.png,302
/home/seongdonghyun/iscc_2024/data/image_1723726456314.png,308
/home/seongdonghyun/iscc_2024/data/image_1723726456376.png,305
/home/seongdonghyun/iscc_2024/data/image_1723726456440.png,307
/home/seongdonghyun/iscc_2024/data/image_1723726456507.png,308
/home/seongdonghyun/iscc_2024/data/image_1723726456568.png,310
/home/seongdonghyun/iscc_2024/data/image_1723726456622.png,310
/home/seongdonghyun/iscc_2024/data/image_1723726456681.png,312
/home/seongdonghyun/iscc_2024/data/image_1723726456744.png,315
/home/seongdonghyun/iscc_2024/data/image_1723726456809.png,314
/home/seongdonghyun/iscc_2024/data/image_1723726456874.png,308
/home/seongdonghyun/iscc_2024/data/image_1723726456934.png,304
/home/seongdonghyun/iscc_2024/data/image_1723726456991.png,300
/home/seongdonghyun/iscc_2024/data/image_1723726457051.png,298
/home/seongdonghyun/iscc_2024/data/image_1723726457126.png,297
/home/seongdonghyun/iscc_2024/data/image_1723726457190.png,298
/home/seongdonghyun/iscc_2024/data/image_1723726457250.png,295
/home/seongdonghyun/iscc_2024/data/image_1723726457312.png,293
/home/seongdonghyun/iscc_2024/data/image_1723726457378.png,285
/home/seongdonghyun/iscc_2024/data/image_1723726457446.png,283
/home/seongdonghyun/iscc_2024/data/image_1723726457511.png,285
/home/seongdonghyun/iscc_2024/data/image_1723726457578.png,365
/home/seongdonghyun/iscc_2024/data/image_1723726457645.png,281
/home/seongdonghyun/iscc_2024/data/image_1723726457702.png,286
/home/seongdonghyun/iscc_2024/data/image_1723726457773.png,286
/home/seongdonghyun/iscc_2024/data/image_1723726457831.png,279
/home/seongdonghyun/iscc_2024/data/image_1723726457893.png,279
/home/seongdonghyun/iscc_2024/data/image_1723726457953.png,346
/home/seongdonghyun/iscc_2024/data/image_1723726458014.png,346
/home/seongdonghyun/iscc_2024/data/image_1723726458079.png,346
/home/seongdonghyun/iscc_2024/data/image_1723726458140.png,356
/home/seongdonghyun/iscc_2024/data/image_1723726458205.png,356
/home/seongdonghyun/iscc_2024/data/image_1723726458261.png,358
/home/seongdonghyun/iscc_2024/data/image_1723726458327.png,348
